<configuration>

    <appender name="console" class="ch.qos.logback.core.ConsoleAppender">
        <filter class="ch.qos.logback.classic.filter.ThresholdFilter">
            <level>info</level>
        </filter>
        <encoder>
            <pattern>%date{HH:mm:ss} %-5level [%X{akkaSource}] - %msg%n</pattern>
        </encoder>
    </appender>

    <logger name="org.lunatechlabs.dotty" level="info" additivity="false">
        <appender-ref ref="console"/>
    </logger>

    <logger name="akka.actor.RepointableActorRef" level="info" additivity="false">
        <appender-ref ref="console"/>
    </logger>

    <root level="info">
        <appender-ref ref="console"/>
    </root>

</configuration>
