{
    "version": "1.4.0",
    "project": {
        "name": "contextual-abstractions",
        "directory": "/Users/ericloots/Trainingen/LBT/lunatech-scala-2-to-scala3-course/code-snippets/contextual-abstractions",
        "workspaceDir": "/Users/ericloots/Trainingen/LBT/lunatech-scala-2-to-scala3-course/code-snippets/contextual-abstractions",
        "sources": [
            "/Users/ericloots/Trainingen/LBT/lunatech-scala-2-to-scala3-course/code-snippets/contextual-abstractions/src/main/scala-2.12",
            "/Users/ericloots/Trainingen/LBT/lunatech-scala-2-to-scala3-course/code-snippets/contextual-abstractions/src/main/scala",
            "/Users/ericloots/Trainingen/LBT/lunatech-scala-2-to-scala3-course/code-snippets/contextual-abstractions/src/main/java",
            "/Users/ericloots/Trainingen/LBT/lunatech-scala-2-to-scala3-course/code-snippets/contextual-abstractions/target/scala-2.12/src_managed/main"
        ],
        "dependencies": [
            
        ],
        "classpath": [
            "/Users/ericloots/.sbt/boot/scala-2.12.10/lib/scala-library.jar"
        ],
        "out": "/Users/ericloots/Trainingen/LBT/lunatech-scala-2-to-scala3-course/code-snippets/contextual-abstractions/.bloop/contextual-abstractions",
        "classesDir": "/Users/ericloots/Trainingen/LBT/lunatech-scala-2-to-scala3-course/code-snippets/contextual-abstractions/.bloop/contextual-abstractions/scala-2.12/classes",
        "resources": [
            "/Users/ericloots/Trainingen/LBT/lunatech-scala-2-to-scala3-course/code-snippets/contextual-abstractions/src/main/resources",
            "/Users/ericloots/Trainingen/LBT/lunatech-scala-2-to-scala3-course/code-snippets/contextual-abstractions/target/scala-2.12/resource_managed/main"
        ],
        "scala": {
            "organization": "org.scala-lang",
            "name": "scala-compiler",
            "version": "2.12.10",
            "options": [
                "-source:3.0"
            ],
            "jars": [
                "/Users/ericloots/.sbt/boot/scala-2.12.10/lib/scala-library.jar",
                "/Users/ericloots/.sbt/boot/scala-2.12.10/lib/scala-compiler.jar",
                "/Users/ericloots/.sbt/boot/scala-2.12.10/lib/jline.jar",
                "/Users/ericloots/.sbt/boot/scala-2.12.10/lib/scala-reflect.jar",
                "/Users/ericloots/.sbt/boot/scala-2.12.10/lib/jansi.jar",
                "/Users/ericloots/.sbt/boot/scala-2.12.10/lib/scala-xml_2.12.jar"
            ],
            "analysis": "/Users/ericloots/Trainingen/LBT/lunatech-scala-2-to-scala3-course/code-snippets/contextual-abstractions/target/streams/compile/bloopAnalysisOut/_global/streams/inc_compile_2.12.zip",
            "setup": {
                "order": "mixed",
                "addLibraryToBootClasspath": true,
                "addCompilerToClasspath": false,
                "addExtraJarsToClasspath": false,
                "manageBootClasspath": true,
                "filterLibraryFromClasspath": true
            }
        },
        "java": {
            "options": [
                
            ]
        },
        "test": {
            "frameworks": [
                {
                    "names": [
                        "org.scalacheck.ScalaCheckFramework"
                    ]
                },
                {
                    "names": [
                        "org.specs2.runner.Specs2Framework",
                        "org.specs2.runner.SpecsFramework"
                    ]
                },
                {
                    "names": [
                        "org.specs.runner.SpecsFramework"
                    ]
                },
                {
                    "names": [
                        "org.scalatest.tools.Framework",
                        "org.scalatest.tools.ScalaTestFramework"
                    ]
                },
                {
                    "names": [
                        "com.novocode.junit.JUnitFramework"
                    ]
                }
            ],
            "options": {
                "excludes": [
                    
                ],
                "arguments": [
                    
                ]
            }
        },
        "platform": {
            "name": "jvm",
            "config": {
                "home": "/Library/Java/JavaVirtualMachines/adoptopenjdk-11.jdk/Contents/Home",
                "options": [
                    "-Duser.dir=/Users/ericloots/Trainingen/LBT/lunatech-scala-2-to-scala3-course/code-snippets/contextual-abstractions"
                ]
            },
            "mainClass": [
                
            ]
        },
        "resolution": {
            "modules": [
                {
                    "organization": "org.scala-lang",
                    "name": "scala-library",
                    "version": "2.12.10",
                    "configurations": "default",
                    "artifacts": [
                        {
                            "name": "scala-library",
                            "path": "/Users/ericloots/.sbt/boot/scala-2.12.10/lib/scala-library.jar"
                        },
                        {
                            "name": "scala-library",
                            "classifier": "sources",
                            "path": "/Users/ericloots/Library/Caches/Coursier/v1/https/repo1.maven.org/maven2/org/scala-lang/scala-library/2.12.10/scala-library-2.12.10-sources.jar"
                        }
                    ]
                },
                {
                    "organization": "org.scala-lang",
                    "name": "scala-library",
                    "version": "2.12.10",
                    "configurations": "optional",
                    "artifacts": [
                        {
                            "name": "scala-library",
                            "path": "/Users/ericloots/.sbt/boot/scala-2.12.10/lib/scala-library.jar"
                        },
                        {
                            "name": "scala-library",
                            "classifier": "sources",
                            "path": "/Users/ericloots/Library/Caches/Coursier/v1/https/repo1.maven.org/maven2/org/scala-lang/scala-library/2.12.10/scala-library-2.12.10-sources.jar"
                        }
                    ]
                }
            ]
        },
        "tags": [
            "library"
        ]
    }
}